{
  "successful": [
    {
      "deployment": {
        "file": "Accounts/test-4-poc-1/test-4-poc-1.tfvars",
        "account_id": "802860742843",
        "account_name": "arj-wkld-a-prd",
        "region": "us-east-1",
        "project": "test-4-poc-1",
        "deployment_dir": "Accounts/test-4-poc-1",
        "environment": "production"
      },
      "success": true,
      "has_changes": true,
      "output": "data.aws_caller_identity.current: Reading...\ndata.aws_region.current: Reading...\ndata.aws_region.current: Read complete after 0s [id=us-east-1]\ndata.aws_caller_identity.current: Read complete after 0s [id=802860742843]\n\nTerraform used the selected providers to generate the following execution\nplan. Resource actions are indicated with the following symbols:\n  + create\n\nTerraform will perform the following actions:\n\n  # module.s3[0].aws_s3_bucket.buckets[\"test-4-poc-1\"] will be created\n  + resource \"aws_s3_bucket\" \"buckets\" {\n      + acceleration_status         = (known after apply)\n      + acl                         = (known after apply)\n      + arn                         = (known after apply)\n      + bucket                      = \"arj-test-4-poc-1-use1-prd\"\n      + bucket_domain_name          = (known after apply)\n      + bucket_prefix               = (known after apply)\n      + bucket_region               = (known after apply)\n      + bucket_regional_domain_name = (known after apply)\n      + force_destroy               = false\n      + hosted_zone_id              = (known after apply)\n      + id                          = (known after apply)\n      + object_lock_enabled         = (known after apply)\n      + policy                      = (known after apply)\n      + region                      = \"us-east-1\"\n      + request_payer               = (known after apply)\n      + tags                        = {\n          + \"AccessType\"  = \"vpc-endpoint-only\"\n          + \"Account\"     = \"802860742843\"\n          + \"Environment\" = \"production\"\n          + \"ManagedBy\"   = \"terraform\"\n          + \"Name\"        = \"arj-test-4-poc-1-use1-prd\"\n          + \"Owner\"       = \"pra\"\n          + \"Project\"     = \"test-4-poc-1\"\n          + \"Region\"      = \"us-east-1\"\n          + \"VPCAccess\"   = \"true\"\n        }\n      + tags_all                    = {\n          + \"AccessType\"  = \"vpc-endpoint-only\"\n          + \"Account\"     = \"802860742843\"\n          + \"Environment\" = \"production\"\n          + \"ManagedBy\"   = \"terraform\"\n          + \"Name\"        = \"arj-test-4-poc-1-use1-prd\"\n          + \"Owner\"       = \"pra\"\n          + \"Project\"     = \"test-4-poc-1\"\n          + \"Region\"      = \"us-east-1\"\n          + \"VPCAccess\"   = \"true\"\n        }\n      + website_domain              = (known after apply)\n      + website_endpoint            = (known after apply)\n\n      + cors_rule (known after apply)\n\n      + grant (known after apply)\n\n      + lifecycle_rule (known after apply)\n\n      + logging (known after apply)\n\n      + object_lock_configuration (known after apply)\n\n      + replication_configuration (known after apply)\n\n      + server_side_encryption_configuration (known after apply)\n\n      + versioning (known after apply)\n\n      + website (known after apply)\n    }\n\n  # module.s3[0].aws_s3_bucket_lifecycle_configuration.lifecycle[\"test-4-poc-1\"] will be created\n  + resource \"aws_s3_bucket_lifecycle_configuration\" \"lifecycle\" {\n      + bucket                                 = (known after apply)\n      + expected_bucket_owner                  = (known after apply)\n      + id                                     = (known after apply)\n      + region                                 = \"us-east-1\"\n      + transition_default_minimum_object_size = \"all_storage_classes_128K\"\n\n      + rule {\n          + id     = \"intelligent-tiering-default\"\n          + status = \"Enabled\"\n            # (1 unchanged attribute hidden)\n\n          + filter {\n                # (1 unchanged attribute hidden)\n            }\n\n          + transition {\n              + days          = 0\n              + storage_class = \"INTELLIGENT_TIERING\"\n            }\n        }\n    }\n\n  # module.s3[0].aws_s3_bucket_policy.bucket_policies[\"test-4-poc-1\"] will be created\n  + resource \"aws_s3_bucket_policy\" \"bucket_policies\" {\n      + bucket = (known after apply)\n      + id     = (known after apply)\n      + policy = jsonencode(\n            {\n              + Statement = [\n                  + {\n                      + Action    = [\n                          + \"s3:PutObject\",\n                          + \"s3:GetObject\",\n                          + \"s3:DeleteObject\",\n                        ]\n                      + Condition = {\n                          + ArnNotLike = {\n                              + \"aws:PrincipalArn\" = \"arn:aws:iam::802860742843:role/TerraformExecutionRole\"\n                            }\n                        }\n                      + Effect    = \"Deny\"\n                      + Principal = \"*\"\n                      + Resource  = [\n                          + \"arn:aws:s3:::arj-test-4-poc-1-use1-prd/*\",\n                          + \"arn:aws:s3:::arj-test-4-poc-1-use1-prd\",\n                        ]\n                    },\n                  + {\n                      + Action    = [\n                          + \"s3:PutObject\",\n                          + \"s3:GetObject\",\n                          + \"s3:DeleteObject\",\n                        ]\n                      + Condition = {\n                          + StringNotEquals = {\n                              + \"aws:SourceVpce\" = [\n                                  + \"vpce-use1-interface-s3-shared\",\n                                  + \"vpce-useast1-gateway-XXXXXXXX\",\n                                ]\n                            }\n                        }\n                      + Effect    = \"Deny\"\n                      + Principal = \"*\"\n                      + Resource  = [\n                          + \"arn:aws:s3:::arj-test-4-poc-1-use1-prd/*\",\n                          + \"arn:aws:s3:::arj-test-4-poc-1-use1-prd\",\n                        ]\n                    },\n                  + {\n                      + Action    = \"s3:PutObject\"\n                      + Condition = {\n                          + StringNotEquals = {\n                              + \"s3:x-amz-server-side-encryption-aws-kms-key-id\" = \"arn:aws:kms:us-east-1:802860742843:key/e978f725-a300-4993-9c85-1b2767982749\"\n                            }\n                        }\n                      + Effect    = \"Deny\"\n                      + Principal = \"*\"\n                      + Resource  = \"arn:aws:s3:::arj-test-4-poc-1-use1-prd/*\"\n                      + Sid       = \"DenyEncryptionHeaderWithoutAWSKMS\"\n                    },\n                ]\n              + Version   = \"2012-10-17\"\n            }\n        )\n      + region = \"us-east-1\"\n    }\n\n  # module.s3[0].aws_s3_bucket_server_side_encryption_configuration.encryption[\"test-4-poc-1\"] will be created\n  + resource \"aws_s3_bucket_server_side_encryption_configuration\" \"encryption\" {\n      + bucket = (known after apply)\n      + id     = (known after apply)\n      + region = \"us-east-1\"\n\n      + rule {\n          + blocked_encryption_types = []\n          + bucket_key_enabled       = true\n\n          + apply_server_side_encryption_by_default {\n              + kms_master_key_id = \"arn:aws:kms:us-east-1:802860742843:key/e978f725-a300-4993-9c85-1b2767982749\"\n              + sse_algorithm     = \"aws:kms\"\n            }\n        }\n    }\n\n  # module.s3[0].aws_s3_bucket_versioning.versioning[\"test-4-poc-1\"] will be created\n  + resource \"aws_s3_bucket_versioning\" \"versioning\" {\n      + bucket = (known after apply)\n      + id     = (known after apply)\n      + region = \"us-east-1\"\n\n      + versioning_configuration {\n          + mfa_delete = (known after apply)\n          + status     = \"Enabled\"\n        }\n    }\n\nPlan: 5 to add, 0 to change, 0 to destroy.\n\nChanges to Outputs:\n  + bucket_encryption          = {\n      + test-4-poc-1 = {\n          + id   = (known after apply)\n          + rule = [\n              + {\n                  + apply_server_side_encryption_by_default = [\n                      + {\n                          + kms_master_key_id = \"arn:aws:kms:us-east-1:802860742843:key/e978f725-a300-4993-9c85-1b2767982749\"\n                          + sse_algorithm     = \"aws:kms\"\n                        },\n                    ]\n                  + blocked_encryption_types                = []\n                  + bucket_key_enabled                      = true\n                },\n            ]\n        }\n    }\n  + bucket_lifecycle           = {\n      + test-4-poc-1 = {\n          + id   = (known after apply)\n          + rule = [\n              + {\n                  + abort_incomplete_multipart_upload = []\n                  + expiration                        = []\n                  + filter                            = [\n                      + {\n                          + and                      = []\n                          + object_size_greater_than = null\n                          + object_size_less_than    = null\n                          + prefix                   = \"\"\n                          + tag                      = []\n                        },\n                    ]\n                  + id                                = \"intelligent-tiering-default\"\n                  + noncurrent_version_expiration     = []\n                  + noncurrent_version_transition     = []\n                  + prefix                            = \"\"\n                  + status                            = \"Enabled\"\n                  + transition                        = [\n                      + {\n                          + date          = null\n                          + days          = 0\n                          + storage_class = \"INTELLIGENT_TIERING\"\n                        },\n                    ]\n                },\n            ]\n        }\n    }\n  + bucket_policies            = {\n      + test-4-poc-1 = {\n          + id     = (known after apply)\n          + policy = jsonencode(\n                {\n                  + Statement = [\n                      + {\n                          + Action    = [\n                              + \"s3:PutObject\",\n                              + \"s3:GetObject\",\n                              + \"s3:DeleteObject\",\n                            ]\n                          + Condition = {\n                              + ArnNotLike = {\n                                  + \"aws:PrincipalArn\" = \"arn:aws:iam::802860742843:role/TerraformExecutionRole\"\n                                }\n                            }\n                          + Effect    = \"Deny\"\n                          + Principal = \"*\"\n                          + Resource  = [\n                              + \"arn:aws:s3:::arj-test-4-poc-1-use1-prd/*\",\n                              + \"arn:aws:s3:::arj-test-4-poc-1-use1-prd\",\n                            ]\n                        },\n                      + {\n                          + Action    = [\n                              + \"s3:PutObject\",\n                              + \"s3:GetObject\",\n                              + \"s3:DeleteObject\",\n                            ]\n                          + Condition = {\n                              + StringNotEquals = {\n                                  + \"aws:SourceVpce\" = [\n                                      + \"vpce-use1-interface-s3-shared\",\n                                      + \"vpce-useast1-gateway-XXXXXXXX\",\n                                    ]\n                                }\n                            }\n                          + Effect    = \"Deny\"\n                          + Principal = \"*\"\n                          + Resource  = [\n                              + \"arn:aws:s3:::arj-test-4-poc-1-use1-prd/*\",\n                              + \"arn:aws:s3:::arj-test-4-poc-1-use1-prd\",\n                            ]\n                        },\n                      + {\n                          + Action    = \"s3:PutObject\"\n                          + Condition = {\n                              + StringNotEquals = {\n                                  + \"s3:x-amz-server-side-encryption-aws-kms-key-id\" = \"arn:aws:kms:us-east-1:802860742843:key/e978f725-a300-4993-9c85-1b2767982749\"\n                                }\n                            }\n                          + Effect    = \"Deny\"\n                          + Principal = \"*\"\n                          + Resource  = \"arn:aws:s3:::arj-test-4-poc-1-use1-prd/*\"\n                          + Sid       = \"DenyEncryptionHeaderWithoutAWSKMS\"\n                        },\n                    ]\n                  + Version   = \"2012-10-17\"\n                }\n            )\n        }\n    }\n  + bucket_versioning          = {\n      + test-4-poc-1 = {\n          + id                       = (known after apply)\n          + versioning_configuration = [\n              + {\n                  + mfa_delete = (known after apply)\n                  + status     = \"Enabled\"\n                },\n            ]\n        }\n    }\n  + deployment_summary         = {\n      + account_id   = \"802860742843\"\n      + deployed_at  = (known after apply)\n      + iam_policies = 0\n      + iam_roles    = 0\n      + iam_users    = 0\n      + kms_keys     = 0\n      + region       = \"us-east-1\"\n      + s3_buckets   = 1\n    }\n  + resource_map               = {\n      + iam_roles  = {}\n      + iam_users  = {}\n      + kms_keys   = {}\n      + s3_buckets = {\n          + test-4-poc-1 = {\n              + arn = (known after apply)\n              + id  = (known after apply)\n            }\n        }\n    }\n  + s3_bucket_arns             = {\n      + test-4-poc-1 = (known after apply)\n    }\n  + s3_bucket_domains          = {\n      + test-4-poc-1 = (known after apply)\n    }\n  + s3_bucket_names            = {\n      + test-4-poc-1 = (known after apply)\n    }\n  + s3_buckets                 = {\n      + test-4-poc-1 = {\n          + arn                         = (known after apply)\n          + bucket_domain_name          = (known after apply)\n          + bucket_regional_domain_name = (known after apply)\n          + hosted_zone_id              = (known after apply)\n          + id                          = (known after apply)\n          + region                      = \"us-east-1\"\n          + tags_all                    = {\n              + AccessType  = \"vpc-endpoint-only\"\n              + Account     = \"802860742843\"\n              + Environment = \"production\"\n              + ManagedBy   = \"terraform\"\n              + Name        = \"arj-test-4-poc-1-use1-prd\"\n              + Owner       = \"pra\"\n              + Project     = \"test-4-poc-1\"\n              + Region      = \"us-east-1\"\n              + VPCAccess   = \"true\"\n            }\n        }\n    }\n\n\u2500\u2500\u2500\u2500\u2500\u2500\u2500\u2500\u2500\u2500\u2500\u2500\u2500\u2500\u2500\u2500\u2500\u2500\u2500\u2500\u2500\u2500\u2500\u2500\u2500\u2500\u2500\u2500\u2500\u2500\u2500\u2500\u2500\u2500\u2500\u2500\u2500\u2500\u2500\u2500\u2500\u2500\u2500\u2500\u2500\u2500\u2500\u2500\u2500\u2500\u2500\u2500\u2500\u2500\u2500\u2500\u2500\u2500\u2500\u2500\u2500\u2500\u2500\u2500\u2500\u2500\u2500\u2500\u2500\u2500\u2500\u2500\u2500\u2500\u2500\u2500\u2500\n\nSaved the plan to: arj-wkld-a-prd-test-4-poc-1.tfplan\n\nTo perform exactly these actions, run the following command to apply:\n    terraform apply \"arj-wkld-a-prd-test-4-poc-1.tfplan\"\n",
      "stderr": "",
      "stdout": "data.aws_caller_identity.current: Reading...\ndata.aws_region.current: Reading...\ndata.aws_region.current: Read complete after 0s [id=us-east-1]\ndata.aws_caller_identity.current: Read complete after 0s [id=802860742843]\n\nTerraform used the selected providers to generate the following execution\nplan. Resource actions are indicated with the following symbols:\n  + create\n\nTerraform will perform the following actions:\n\n  # module.s3[0].aws_s3_bucket.buckets[\"test-4-poc-1\"] will be created\n  + resource \"aws_s3_bucket\" \"buckets\" {\n      + acceleration_status         = (known after apply)\n      + acl                         = (known after apply)\n      + arn                         = (known after apply)\n      + bucket                      = \"arj-test-4-poc-1-use1-prd\"\n      + bucket_domain_name          = (known after apply)\n      + bucket_prefix               = (known after apply)\n      + bucket_region               = (known after apply)\n      + bucket_regional_domain_name = (known after apply)\n      + force_destroy               = false\n      + hosted_zone_id              = (known after apply)\n      + id                          = (known after apply)\n      + object_lock_enabled         = (known after apply)\n      + policy                      = (known after apply)\n      + region                      = \"us-east-1\"\n      + request_payer               = (known after apply)\n      + tags                        = {\n          + \"AccessType\"  = \"vpc-endpoint-only\"\n          + \"Account\"     = \"802860742843\"\n          + \"Environment\" = \"production\"\n          + \"ManagedBy\"   = \"terraform\"\n          + \"Name\"        = \"arj-test-4-poc-1-use1-prd\"\n          + \"Owner\"       = \"pra\"\n          + \"Project\"     = \"test-4-poc-1\"\n          + \"Region\"      = \"us-east-1\"\n          + \"VPCAccess\"   = \"true\"\n        }\n      + tags_all                    = {\n          + \"AccessType\"  = \"vpc-endpoint-only\"\n          + \"Account\"     = \"802860742843\"\n          + \"Environment\" = \"production\"\n          + \"ManagedBy\"   = \"terraform\"\n          + \"Name\"        = \"arj-test-4-poc-1-use1-prd\"\n          + \"Owner\"       = \"pra\"\n          + \"Project\"     = \"test-4-poc-1\"\n          + \"Region\"      = \"us-east-1\"\n          + \"VPCAccess\"   = \"true\"\n        }\n      + website_domain              = (known after apply)\n      + website_endpoint            = (known after apply)\n\n      + cors_rule (known after apply)\n\n      + grant (known after apply)\n\n      + lifecycle_rule (known after apply)\n\n      + logging (known after apply)\n\n      + object_lock_configuration (known after apply)\n\n      + replication_configuration (known after apply)\n\n      + server_side_encryption_configuration (known after apply)\n\n      + versioning (known after apply)\n\n      + website (known after apply)\n    }\n\n  # module.s3[0].aws_s3_bucket_lifecycle_configuration.lifecycle[\"test-4-poc-1\"] will be created\n  + resource \"aws_s3_bucket_lifecycle_configuration\" \"lifecycle\" {\n      + bucket                                 = (known after apply)\n      + expected_bucket_owner                  = (known after apply)\n      + id                                     = (known after apply)\n      + region                                 = \"us-east-1\"\n      + transition_default_minimum_object_size = \"all_storage_classes_128K\"\n\n      + rule {\n          + id     = \"intelligent-tiering-default\"\n          + status = \"Enabled\"\n            # (1 unchanged attribute hidden)\n\n          + filter {\n                # (1 unchanged attribute hidden)\n            }\n\n          + transition {\n              + days          = 0\n              + storage_class = \"INTELLIGENT_TIERING\"\n            }\n        }\n    }\n\n  # module.s3[0].aws_s3_bucket_policy.bucket_policies[\"test-4-poc-1\"] will be created\n  + resource \"aws_s3_bucket_policy\" \"bucket_policies\" {\n      + bucket = (known after apply)\n      + id     = (known after apply)\n      + policy = jsonencode(\n            {\n              + Statement = [\n                  + {\n                      + Action    = [\n                          + \"s3:PutObject\",\n                          + \"s3:GetObject\",\n                          + \"s3:DeleteObject\",\n                        ]\n                      + Condition = {\n                          + ArnNotLike = {\n                              + \"aws:PrincipalArn\" = \"arn:aws:iam::802860742843:role/TerraformExecutionRole\"\n                            }\n                        }\n                      + Effect    = \"Deny\"\n                      + Principal = \"*\"\n                      + Resource  = [\n                          + \"arn:aws:s3:::arj-test-4-poc-1-use1-prd/*\",\n                          + \"arn:aws:s3:::arj-test-4-poc-1-use1-prd\",\n                        ]\n                    },\n                  + {\n                      + Action    = [\n                          + \"s3:PutObject\",\n                          + \"s3:GetObject\",\n                          + \"s3:DeleteObject\",\n                        ]\n                      + Condition = {\n                          + StringNotEquals = {\n                              + \"aws:SourceVpce\" = [\n                                  + \"vpce-use1-interface-s3-shared\",\n                                  + \"vpce-useast1-gateway-XXXXXXXX\",\n                                ]\n                            }\n                        }\n                      + Effect    = \"Deny\"\n                      + Principal = \"*\"\n                      + Resource  = [\n                          + \"arn:aws:s3:::arj-test-4-poc-1-use1-prd/*\",\n                          + \"arn:aws:s3:::arj-test-4-poc-1-use1-prd\",\n                        ]\n                    },\n                  + {\n                      + Action    = \"s3:PutObject\"\n                      + Condition = {\n                          + StringNotEquals = {\n                              + \"s3:x-amz-server-side-encryption-aws-kms-key-id\" = \"arn:aws:kms:us-east-1:802860742843:key/e978f725-a300-4993-9c85-1b2767982749\"\n                            }\n                        }\n                      + Effect    = \"Deny\"\n                      + Principal = \"*\"\n                      + Resource  = \"arn:aws:s3:::arj-test-4-poc-1-use1-prd/*\"\n                      + Sid       = \"DenyEncryptionHeaderWithoutAWSKMS\"\n                    },\n                ]\n              + Version   = \"2012-10-17\"\n            }\n        )\n      + region = \"us-east-1\"\n    }\n\n  # module.s3[0].aws_s3_bucket_server_side_encryption_configuration.encryption[\"test-4-poc-1\"] will be created\n  + resource \"aws_s3_bucket_server_side_encryption_configuration\" \"encryption\" {\n      + bucket = (known after apply)\n      + id     = (known after apply)\n      + region = \"us-east-1\"\n\n      + rule {\n          + blocked_encryption_types = []\n          + bucket_key_enabled       = true\n\n          + apply_server_side_encryption_by_default {\n              + kms_master_key_id = \"arn:aws:kms:us-east-1:802860742843:key/e978f725-a300-4993-9c85-1b2767982749\"\n              + sse_algorithm     = \"aws:kms\"\n            }\n        }\n    }\n\n  # module.s3[0].aws_s3_bucket_versioning.versioning[\"test-4-poc-1\"] will be created\n  + resource \"aws_s3_bucket_versioning\" \"versioning\" {\n      + bucket = (known after apply)\n      + id     = (known after apply)\n      + region = \"us-east-1\"\n\n      + versioning_configuration {\n          + mfa_delete = (known after apply)\n          + status     = \"Enabled\"\n        }\n    }\n\nPlan: 5 to add, 0 to change, 0 to destroy.\n\nChanges to Outputs:\n  + bucket_encryption          = {\n      + test-4-poc-1 = {\n          + id   = (known after apply)\n          + rule = [\n              + {\n                  + apply_server_side_encryption_by_default = [\n                      + {\n                          + kms_master_key_id = \"arn:aws:kms:us-east-1:802860742843:key/e978f725-a300-4993-9c85-1b2767982749\"\n                          + sse_algorithm     = \"aws:kms\"\n                        },\n                    ]\n                  + blocked_encryption_types                = []\n                  + bucket_key_enabled                      = true\n                },\n            ]\n        }\n    }\n  + bucket_lifecycle           = {\n      + test-4-poc-1 = {\n          + id   = (known after apply)\n          + rule = [\n              + {\n                  + abort_incomplete_multipart_upload = []\n                  + expiration                        = []\n                  + filter                            = [\n                      + {\n                          + and                      = []\n                          + object_size_greater_than = null\n                          + object_size_less_than    = null\n                          + prefix                   = \"\"\n                          + tag                      = []\n                        },\n                    ]\n                  + id                                = \"intelligent-tiering-default\"\n                  + noncurrent_version_expiration     = []\n                  + noncurrent_version_transition     = []\n                  + prefix                            = \"\"\n                  + status                            = \"Enabled\"\n                  + transition                        = [\n                      + {\n                          + date          = null\n                          + days          = 0\n                          + storage_class = \"INTELLIGENT_TIERING\"\n                        },\n                    ]\n                },\n            ]\n        }\n    }\n  + bucket_policies            = {\n      + test-4-poc-1 = {\n          + id     = (known after apply)\n          + policy = jsonencode(\n                {\n                  + Statement = [\n                      + {\n                          + Action    = [\n                              + \"s3:PutObject\",\n                              + \"s3:GetObject\",\n                              + \"s3:DeleteObject\",\n                            ]\n                          + Condition = {\n                              + ArnNotLike = {\n                                  + \"aws:PrincipalArn\" = \"arn:aws:iam::802860742843:role/TerraformExecutionRole\"\n                                }\n                            }\n                          + Effect    = \"Deny\"\n                          + Principal = \"*\"\n                          + Resource  = [\n                              + \"arn:aws:s3:::arj-test-4-poc-1-use1-prd/*\",\n                              + \"arn:aws:s3:::arj-test-4-poc-1-use1-prd\",\n                            ]\n                        },\n                      + {\n                          + Action    = [\n                              + \"s3:PutObject\",\n                              + \"s3:GetObject\",\n                              + \"s3:DeleteObject\",\n                            ]\n                          + Condition = {\n                              + StringNotEquals = {\n                                  + \"aws:SourceVpce\" = [\n                                      + \"vpce-use1-interface-s3-shared\",\n                                      + \"vpce-useast1-gateway-XXXXXXXX\",\n                                    ]\n                                }\n                            }\n                          + Effect    = \"Deny\"\n                          + Principal = \"*\"\n                          + Resource  = [\n                              + \"arn:aws:s3:::arj-test-4-poc-1-use1-prd/*\",\n                              + \"arn:aws:s3:::arj-test-4-poc-1-use1-prd\",\n                            ]\n                        },\n                      + {\n                          + Action    = \"s3:PutObject\"\n                          + Condition = {\n                              + StringNotEquals = {\n                                  + \"s3:x-amz-server-side-encryption-aws-kms-key-id\" = \"arn:aws:kms:us-east-1:802860742843:key/e978f725-a300-4993-9c85-1b2767982749\"\n                                }\n                            }\n                          + Effect    = \"Deny\"\n                          + Principal = \"*\"\n                          + Resource  = \"arn:aws:s3:::arj-test-4-poc-1-use1-prd/*\"\n                          + Sid       = \"DenyEncryptionHeaderWithoutAWSKMS\"\n                        },\n                    ]\n                  + Version   = \"2012-10-17\"\n                }\n            )\n        }\n    }\n  + bucket_versioning          = {\n      + test-4-poc-1 = {\n          + id                       = (known after apply)\n          + versioning_configuration = [\n              + {\n                  + mfa_delete = (known after apply)\n                  + status     = \"Enabled\"\n                },\n            ]\n        }\n    }\n  + deployment_summary         = {\n      + account_id   = \"802860742843\"\n      + deployed_at  = (known after apply)\n      + iam_policies = 0\n      + iam_roles    = 0\n      + iam_users    = 0\n      + kms_keys     = 0\n      + region       = \"us-east-1\"\n      + s3_buckets   = 1\n    }\n  + resource_map               = {\n      + iam_roles  = {}\n      + iam_users  = {}\n      + kms_keys   = {}\n      + s3_buckets = {\n          + test-4-poc-1 = {\n              + arn = (known after apply)\n              + id  = (known after apply)\n            }\n        }\n    }\n  + s3_bucket_arns             = {\n      + test-4-poc-1 = (known after apply)\n    }\n  + s3_bucket_domains          = {\n      + test-4-poc-1 = (known after apply)\n    }\n  + s3_bucket_names            = {\n      + test-4-poc-1 = (known after apply)\n    }\n  + s3_buckets                 = {\n      + test-4-poc-1 = {\n          + arn                         = (known after apply)\n          + bucket_domain_name          = (known after apply)\n          + bucket_regional_domain_name = (known after apply)\n          + hosted_zone_id              = (known after apply)\n          + id                          = (known after apply)\n          + region                      = \"us-east-1\"\n          + tags_all                    = {\n              + AccessType  = \"vpc-endpoint-only\"\n              + Account     = \"802860742843\"\n              + Environment = \"production\"\n              + ManagedBy   = \"terraform\"\n              + Name        = \"arj-test-4-poc-1-use1-prd\"\n              + Owner       = \"pra\"\n              + Project     = \"test-4-poc-1\"\n              + Region      = \"us-east-1\"\n              + VPCAccess   = \"true\"\n            }\n        }\n    }\n\n\u2500\u2500\u2500\u2500\u2500\u2500\u2500\u2500\u2500\u2500\u2500\u2500\u2500\u2500\u2500\u2500\u2500\u2500\u2500\u2500\u2500\u2500\u2500\u2500\u2500\u2500\u2500\u2500\u2500\u2500\u2500\u2500\u2500\u2500\u2500\u2500\u2500\u2500\u2500\u2500\u2500\u2500\u2500\u2500\u2500\u2500\u2500\u2500\u2500\u2500\u2500\u2500\u2500\u2500\u2500\u2500\u2500\u2500\u2500\u2500\u2500\u2500\u2500\u2500\u2500\u2500\u2500\u2500\u2500\u2500\u2500\u2500\u2500\u2500\u2500\u2500\u2500\n\nSaved the plan to: arj-wkld-a-prd-test-4-poc-1.tfplan\n\nTo perform exactly these actions, run the following command to apply:\n    terraform apply \"arj-wkld-a-prd-test-4-poc-1.tfplan\"\n",
      "backend_key": "s3/arj-wkld-a-prd/us-east-1/test-4-poc-1/terraform.tfstate",
      "services": [
        "s3"
      ],
      "action": "plan",
      "error": null,
      "error_detail": null,
      "orchestrator_version": "2.0"
    }
  ],
  "failed": [],
  "summary": {
    "total": 1,
    "successful": 1,
    "failed": 0,
    "action": "plan"
  }
}